0.01735110,-0.00792057,0.78355557,0.01419753,0.00383708,0.00059848,0.99989170,-0.01651172,0.00635372,0.06241390,0.16457255,-0.14747734,-0.04878704,-0.03775576,-0.04111652,-0.05698952,0.21125336,-0.19991210,0.04825932,-0.03067196,-0.03541927,0.03770559,-0.01334979,0.23870330,-0.71610826,1.09195638,-0.00225744,0.18043636,-0.06342046,-0.06647443,-0.13673441,0.47555766,1.14439559,0.00926057,0.17138775,0.05254419
0.01708256,-0.00799464,0.78366953,0.01453037,0.00396534,0.00109596,0.99988598,-0.01675886,0.00602911,0.06175126,0.16184165,-0.14629865,-0.04916758,-0.03850948,-0.04254125,-0.05872753,0.21284206,-0.20057549,0.04944517,-0.02916512,-0.03595673,0.03670658,-0.01244099,0.24058957,-0.71969050,1.08716571,-0.00193946,0.18225299,-0.07049375,-0.06795263,-0.13484924,0.47704008,1.13854396,0.00494516,0.17494671,0.05537912
0.01669354,-0.00822117,0.78372467,0.01487998,0.00387614,0.00195494,0.99987990,-0.01644208,0.00510826,0.05894877,0.15882762,-0.14380865,-0.04904290,-0.03887413,-0.04356377,-0.06077665,0.21435136,-0.20154633,0.04986897,-0.02897080,-0.03633849,0.03628244,-0.01222711,0.24276036,-0.72231740,1.07988262,0.00136949,0.18342538,-0.07664888,-0.07122835,-0.13386863,0.47923270,1.12676263,0.00045643,0.17821081,0.05608571
0.01629965,-0.00853039,0.78377056,0.01522023,0.00355572,0.00286994,0.99987376,-0.01540870,0.00411276,0.05572861,0.15554339,-0.14095746,-0.04905586,-0.03859848,-0.04422861,-0.06235993,0.21480264,-0.20161073,0.05031274,-0.02939538,-0.03678341,0.03628469,-0.01220184,0.24580008,-0.72497731,1.07003951,0.00527055,0.18688519,-0.08130817,-0.07645294,-0.13433653,0.48017418,1.10812187,-0.00631274,0.18064165,0.05436585
0.01592433,-0.00897310,0.78384215,0.01548840,0.00309262,0.00374342,0.99986821,-0.01394636,0.00357152,0.05304838,0.15221272,-0.13822137,-0.04917660,-0.03765530,-0.04440312,-0.06311204,0.21411692,-0.20121364,0.05046237,-0.03029590,-0.03698072,0.03675230,-0.01262354,0.24991201,-0.72621471,1.05534482,0.00851272,0.19213493,-0.08404359,-0.08339386,-0.13744923,0.47801423,1.08064961,-0.01498954,0.18249144,0.04904715
0.01548082,-0.00953091,0.78398746,0.01567764,0.00245298,0.00469324,0.99986309,-0.01214123,0.00344782,0.05057654,0.14895140,-0.13539350,-0.04945983,-0.03557826,-0.04403714,-0.06374709,0.21170869,-0.20018649,0.05012061,-0.03188423,-0.03682944,0.03784828,-0.01323855,0.25612646,-0.72455156,1.03091383,0.01268908,0.19929487,-0.08609965,-0.09272472,-0.14399949,0.47103685,1.04064131,-0.02459081,0.18370678,0.03916735
0.01493611,-0.01017416,0.78423512,0.01573090,0.00172668,0.00574463,0.99985832,-0.01084667,0.00370816,0.04820479,0.14647977,-0.13270101,-0.04972416,-0.03251445,-0.04316015,-0.06492687,0.20709246,-0.19814916,0.04934858,-0.03388913,-0.03617195,0.03972403,-0.01408990,0.26558432,-0.71752656,0.99192548,0.01648066,0.20732197,-0.08589905,-0.10403028,-0.15365385,0.45820144,0.98905116,-0.03531012,0.18460594,0.02676901
0.01424646,-0.01097512,0.78453064,0.01566509,0.00114852,0.00706216,0.99985170,-0.01075892,0.00434934,0.04574402,0.14472072,-0.13031030,-0.05022841,-0.02867848,-0.04193548,-0.06696451,0.19995129,-0.19496171,0.04849581,-0.03604669,-0.03497760,0.04205149,-0.01576820,0.28017148,-0.70439798,0.92980629,0.01817917,0.21568690,-0.08361039,-0.11714640,-0.16635196,0.44053367,0.92371345,-0.04672469,0.18586043,0.01539839
0.01340507,-0.01177164,0.78479236,0.01548191,0.00088889,0.00883757,0.99984068,-0.01217427,0.00517657,0.04225010,0.14358807,-0.12844215,-0.05070662,-0.02448162,-0.04071569,-0.07054722,0.19059995,-0.19099863,0.04761687,-0.03770960,-0.03322343,0.04458218,-0.01809327,0.30163610,-0.68417996,0.83514524,0.01389893,0.22358611,-0.07896253,-0.13163443,-0.18210886,0.41971016,0.84269303,-0.05717010,0.18783352,0.00745799
0.01236856,-0.01273649,0.78501970,0.01519045,0.00094171,0.01112978,0.99982226,-0.01490577,0.00600535,0.03752550,0.14264314,-0.12662001,-0.05111074,-0.02029595,-0.03964968,-0.07597799,0.17969608,-0.18641472,0.04689001,-0.03864799,-0.03084299,0.04747086,-0.02227215,0.33115867,-0.65538335,0.70423770,-0.00165118,0.22985168,-0.07037406,-0.14737333,-0.20197864,0.39706054,0.74390697,-0.06683546,0.19059126,0.00314714
0.01112263,-0.01369221,0.78520554,0.01482141,0.00122276,0.01413616,0.99978948,-0.01875908,0.00650477,0.03114465,0.14195514,-0.12428973,-0.05132723,-0.01634639,-0.03857758,-0.08305508,0.16817018,-0.18123008,0.04620697,-0.03910410,-0.02783148,0.05080025,-0.03246069,0.36861235,-0.62034154,0.54679036,-0.03333640,0.23532963,-0.05683911,-0.16539474,-0.22715536,0.37281263,0.62841308,-0.07560086,0.19351721,0.00043097
0.00962903,-0.01465353,0.78535467,0.01443235,0.00158746,0.01813029,0.99973023,-0.02309085,0.00627353,0.02223673,0.14096096,-0.12081698,-0.05119962,-0.01240763,-0.03740334,-0.09123476,0.15655892,-0.17573591,0.04578405,-0.03928644,-0.02443438,0.05475316,-0.05518965,0.41412604,-0.58428615,0.37596402,-0.08017958,0.24329863,-0.03868273,-0.18929859,-0.25843531,0.34647110,0.49970588,-0.08044086,0.19709300,-0.00451029
0.00796408,-0.01558004,0.78544563,0.01413839,0.00197179,0.02313146,0.99963051,-0.02770685,0.00508943,0.01132224,0.13982065,-0.11641406,-0.05096369,-0.00884477,-0.03642927,-0.09994888,0.14610390,-0.17088136,0.04611057,-0.03947118,-0.02137989,0.05857696,-0.09697146,0.46582752,-0.55018002,0.20668206,-0.13893349,0.25565749,-0.01572334,-0.22390202,-0.29529014,0.31703529,0.36746633,-0.07460607,0.20167798,-0.01692410
0.00627977,-0.01644077,0.78548521,0.01390185,0.00222102,0.02886263,0.99948424,-0.03218236,0.00340699,-0.00064085,0.13846709,-0.11225986,-0.05088961,-0.00552738,-0.03578539,-0.10889036,0.13738801,-0.16742243,0.04688322,-0.03945322,-0.01901140,0.06153110,-0.16478857,0.52325350,-0.51637179,0.04797443,-0.21022075,0.26902321,0.01183031,-0.27671367,-0.33809218,0.28131807,0.24062683,-0.05402879,0.20794788,-0.04499125
0.00478075,-0.01715269,0.78549773,0.01366750,0.00242601,0.03442334,0.99931091,-0.03670780,0.00165741,-0.01258209,0.13788700,-0.10876282,-0.05142837,-0.00328151,-0.03548472,-0.11702413,0.13110380,-0.16544785,0.04713592,-0.03897417,-0.01730741,0.06218796,-0.26082164,0.58513492,-0.48498476,-0.08048679,-0.28931475,0.28002968,0.04054448,-0.35326648,-0.38543925,0.24014410,0.13691181,-0.02375171,0.21796596,-0.09000468
0.00355129,-0.01770880,0.78549993,0.01342580,0.00262551,0.03895014,0.99914753,-0.04124447,0.00033103,-0.02262219,0.13859616,-0.10654801,-0.05220545,-0.00238992,-0.03541182,-0.12330434,0.12705398,-0.16463970,0.04679937,-0.03785501,-0.01640816,0.06019805,-0.38212466,0.65121680,-0.45990771,-0.16392732,-0.36885673,0.28348294,0.06691179,-0.45573112,-0.43572819,0.20020039,0.07060947,0.00117632,0.23300435,-0.14221770
0.00261337,-0.01810374,0.78554934,0.01319156,0.00307074,0.04184126,0.99903244,-0.04534488,-0.00021116,-0.02903093,0.13957375,-0.10497438,-0.05237889,-0.00327135,-0.03528838,-0.12736827,0.12456056,-0.16369034,0.04602688,-0.03573921,-0.01631580,0.05614053,-0.52324980,0.72017360,-0.44029394,-0.20262840,-0.44434792,0.27659801,0.09063274,-0.58156532,-0.48863804,0.17167225,0.04622996,0.00707791,0.24859300,-0.18942545
0.00197579,-0.01838669,0.78570634,0.01293284,0.00387268,0.04308955,0.99897999,-0.04845693,0.00008857,-0.03208382,0.13986813,-0.10416240,-0.05177757,-0.00584771,-0.03464983,-0.12908641,0.12311103,-0.16221832,0.04432777,-0.03259721,-0.01708298,0.05188258,-0.67917138,0.78623068,-0.43011335,-0.20446081,-0.50734115,0.26167625,0.11284456,-0.72050422,-0.54375011,0.16158119,0.05539035,-0.00980005,0.26077595,-0.22491939
0.00158943,-0.01857714,0.78588265,0.01264082,0.00509256,0.04303017,0.99898082,-0.05108310,0.00106584,-0.03242051,0.13902767,-0.10332242,-0.05021294,-0.01000774,-0.03368171,-0.12852910,0.12267520,-0.16035767,0.04189036,-0.02939270,-0.01833620,0.04971520,-0.84543580,0.84285820,-0.43629646,-0.17947772,-0.55249274,0.24292772,0.13526641,-0.86068660,-0.59719384,0.16921937,0.08316194,-0.03738402,0.26630419,-0.25106466
0.00138838,-0.01864550,0.78605127,0.01239667,0.00664945,0.04179837,0.99902701,-0.05291075,0.00238467,-0.03049541,0.13668248,-0.10190709,-0.04823282,-0.01546970,-0.03267307,-0.12589747,0.12302746,-0.15794203,0.03909533,-0.02724556,-0.01920461,0.05119123,-1.00633216,0.89052194,-0.45411813,-0.13761029,-0.58354861,0.22378559,0.15697809,-0.99606758,-0.64318359,0.18984665,0.11772493,-0.06130327,0.26624721,-0.27272519
0.00129590,-0.01859060,0.78621972,0.01226396,0.00847607,0.03961229,0.99910390,-0.05414551,0.00379149,-0.02649179,0.13289791,-0.09997787,-0.04639887,-0.02147667,-0.03181300,-0.12207623,0.12367658,-0.15527686,0.03647060,-0.02677869,-0.01952979,0.05622966,-1.14912033,0.93141794,-0.47574514,-0.08403634,-0.60792637,0.20638797,0.17767842,-1.12525284,-0.67930311,0.21990347,0.15464370,-0.07147799,0.26256821,-0.29152355
0.00124992,-0.01836562,0.78635985,0.01218258,0.01055964,0.03678409,0.99919319,-0.05563869,0.00536979,-0.02072004,0.12880822,-0.09786908,-0.04484891,-0.02781879,-0.03098064,-0.11753950,0.12435108,-0.15257040,0.03446103,-0.02828514,-0.01971103,0.06365740,-1.27610934,0.96511400,-0.50135511,-0.01831360,-0.63081950,0.19320786,0.19522546,-1.24731028,-0.70575899,0.25624707,0.19530581,-0.06348468,0.25962609,-0.30661413
0.00134322,-0.01807123,0.78648555,0.01215072,0.01281365,0.03367681,0.99927682,-0.05760121,0.00681240,-0.01399742,0.12504517,-0.09568677,-0.04318525,-0.03406287,-0.03007382,-0.11254922,0.12477384,-0.15004344,0.03272142,-0.03150699,-0.02010030,0.07224970,-1.39354181,0.98950267,-0.53437531,0.06128301,-0.65449977,0.18548006,0.20684122,-1.36403275,-0.72287363,0.29725924,0.24517405,-0.04030119,0.25963351,-0.31638312
0.00136038,-0.01755833,0.78662211,0.01211372,0.01500964,0.03061002,0.99934524,-0.05992791,0.00793598,-0.00748124,0.12232978,-0.09369391,-0.04154139,-0.03995004,-0.02908262,-0.10719960,0.12477235,-0.14727327,0.03119767,-0.03553432,-0.02071844,0.08155732,-1.50801718,1.00147772,-0.57820415,0.15747084,-0.68107826,0.18255873,0.20856008,-1.47758389,-0.73101878,0.34150851,0.30902693,-0.00594177,0.26316124,-0.31871116
0.00134011,-0.01696474,0.78676397,0.01206302,0.01693969,0.02781803,0.99939662,-0.06228701,0.00863866,-0.00201878,0.12059041,-0.09180013,-0.04019875,-0.04508700,-0.02829662,-0.10192011,0.12460216,-0.14454740,0.02999850,-0.03990134,-0.02171576,0.09177125,-1.62366629,0.99919683,-0.63277411,0.27412802,-0.71660107,0.18309847,0.19684909,-1.59119129,-0.73019791,0.39055645,0.39006153,0.04275800,0.27219898,-0.31051928
0.00125852,-0.01632377,0.78692418,0.01200442,0.01854856,0.02534877,0.99943447,-0.06453742,0.00888108,0.00260153,0.11965203,-0.09002084,-0.03909720,-0.04963135,-0.02800731,-0.09743506,0.12484496,-0.14253111,0.02880726,-0.04427599,-0.02308000,0.10312051,-1.73652685,0.98264837,-0.69324803,0.40995559,-0.76290578,0.18663044,0.17036161,-1.70526052,-0.72076124,0.44878927,0.49033400,0.10888102,0.28669056,-0.28958324
0.00113706,-0.01563993,0.78710938,0.01190823,0.01985921,0.02304316,0.99946630,-0.06651793,0.00892574,0.00683341,0.11895557,-0.08799475,-0.03816699,-0.05372786,-0.02818760,-0.09415190,0.12559032,-0.14097820,0.02775736,-0.04787513,-0.02482287,0.11507528,-1.84243488,0.95456356,-0.75125057,0.55432421,-0.81741709,0.19344774,0.13499634,-1.81483841,-0.70406115,0.51462704,0.60299355,0.19200563,0.30381921,-0.25852734
0.00098879,-0.01492399,0.78732222,0.01187227,0.02101183,0.02083024,0.99949169,-0.06833716,0.00876061,0.01104656,0.11839077,-0.08542634,-0.03728212,-0.05746961,-0.02874583,-0.09166805,0.12618728,-0.13948575,0.02709380,-0.05091593,-0.02732624,0.12670764,-1.93458831,0.92028010,-0.80111897,0.69576859,-0.87438780,0.20322140,0.09847739,-1.91431868,-0.68254393,0.58414853,0.71774751,0.28253934,0.32067803,-0.22264540
0.00079989,-0.01416690,0.78752214,0.01191875,0.02209221,0.01860706,0.99951166,-0.06997615,0.00838013,0.01525073,0.11773642,-0.08257263,-0.03664006,-0.06100924,-0.02952124,-0.08944732,0.12652834,-0.13774967,0.02661738,-0.05356095,-0.03075353,0.13763633,-2.01338243,0.88197094,-0.84145433,0.82983840,-0.92869246,0.21628942,0.06498630,-1.99992704,-0.65755403,0.65199482,0.82892203,0.37369695,0.33641851,-0.18553995
0.00053229,-0.01340805,0.78771329,0.01206228,0.02314569,0.01625376,0.99952722,-0.07159064,0.00782719,0.01954106,0.11682001,-0.07959484,-0.03616722,-0.06441976,-0.03043582,-0.08716594,0.12655370,-0.13584696,0.02647283,-0.05545520,-0.03495951,0.14770851,-2.07814431,0.84201175,-0.87119353,0.95019364,-0.97355032,0.23130870,0.03764582,-2.07254577,-0.63115793,0.71299028,0.93130916,0.45895684,0.35128406,-0.14936683
0.00015245,-0.01266471,0.78799635,0.01234631,0.02426553,0.01381724,0.99953383,-0.07358713,0.00698334,0.02384593,0.11585779,-0.07612714,-0.03575774,-0.06848948,-0.03127938,-0.08420276,0.12624788,-0.13354647,0.02660280,-0.05682984,-0.03979905,0.15640125,-2.13000298,0.80308992,-0.89395845,1.05392802,-1.00771165,0.24720694,0.01772168,-2.13145590,-0.60435992,0.76679778,1.02113581,0.53745794,0.36351627,-0.11893761
-0.00028225,-0.01196170,0.78827494,0.01268946,0.02532787,0.01137032,0.99953401,-0.07570715,0.00607595,0.02801831,0.11516894,-0.07306685,-0.03513252,-0.07248715,-0.03207543,-0.08054168,0.12597373,-0.13129795,0.02715936,-0.05725115,-0.04451480,0.16405605,-2.16956258,0.76866078,-0.91093999,1.13633037,-1.02930617,0.26089507,0.00389013,-2.17654753,-0.58049095,0.80865043,1.09504330,0.60403651,0.37366790,-0.09549351
-0.00079495,-0.01129212,0.78852427,0.01307795,0.02629279,0.00906066,0.99952763,-0.07789890,0.00505786,0.03175002,0.11479169,-0.07017946,-0.03418175,-0.07650984,-0.03291193,-0.07659338,0.12561345,-0.12870224,0.02776264,-0.05732773,-0.04891887,0.17100427,-2.20099068,0.73835856,-0.92476362,1.20286143,-1.04121709,0.27399927,-0.00611560,-2.21051168,-0.55921888,0.83976138,1.15492380,0.65898371,0.38201788,-0.07928880
-0.00134839,-0.01067506,0.78872532,0.01345149,0.02709327,0.00698858,0.99951798,-0.08001903,0.00394889,0.03478085,0.11452558,-0.06778104,-0.03288609,-0.07997354,-0.03370765,-0.07268876,0.12526196,-0.12617104,0.02843377,-0.05721463,-0.05268224,0.17711613,-2.22600460,0.71214747,-0.93618858,1.25537694,-1.04583597,0.28603637,-0.01353560,-2.23573232,-0.54091394,0.86101389,1.20192838,0.70302945,0.38971451,-0.06895624
-0.00192531,-0.01014290,0.78891039,0.01381932,0.02769710,0.00514264,0.99950761,-0.08183264,0.00277247,0.03728725,0.11425936,-0.06579534,-0.03129800,-0.08302250,-0.03452183,-0.06900475,0.12491322,-0.12401975,0.02921982,-0.05709181,-0.05586348,0.18238798,-2.24530411,0.69018877,-0.94616663,1.29620409,-1.04454398,0.29708135,-0.01844365,-2.25427890,-0.52583987,0.87520212,1.23783624,0.73572940,0.39713836,-0.06281067
-0.00251773,-0.00969886,0.78908646,0.01414127,0.02817031,0.00332445,0.99949759,-0.08332184,0.00180186,0.03995216,0.11392859,-0.06387103,-0.02982474,-0.08560454,-0.03522851,-0.06518190,0.12448691,-0.12203679,0.02992284,-0.05682189,-0.05848179,0.18677387,-2.26081514,0.67214042,-0.95485079,1.32779443,-1.03870714,0.30797350,-0.02112908,-2.26746845,-0.51312232,0.88388765,1.26508141,0.75772583,0.40486792,-0.05863231
-0.00316551,-0.00929790,0.78926319,0.01439740,0.02847393,0.00155430,0.99948967,-0.08452057,0.00118803,0.04326155,0.11367976,-0.06188492,-0.02859586,-0.08792923,-0.03572172,-0.06113669,0.12405279,-0.12007460,0.03064057,-0.05651723,-0.06057392,0.19032551,-2.27346802,0.65716904,-0.96427280,1.35253048,-1.03092325,0.31912833,-0.02183649,-2.27705574,-0.50209570,0.89055324,1.28570867,0.77250034,0.41218898,-0.05538261
-0.00382298,-0.00887978,0.78941494,0.01454984,0.02858148,-0.00013665,0.99948561,-0.08543106,0.00087305,0.04661860,0.11341625,-0.06016548,-0.02757118,-0.08977219,-0.03596248,-0.05713440,0.12356518,-0.11820675,0.03137649,-0.05630528,-0.06213456,0.19326477,-2.28378558,0.64581537,-0.97349072,1.37085772,-1.02206588,0.33032566,-0.02090461,-2.28377104,-0.49322933,0.89581275,1.30086517,0.78184819,0.41960153,-0.05298497
-0.00446068,-0.00841591,0.78952914,0.01462544,0.02844209,-0.00153565,0.99948728,-0.08595300,0.00062977,0.04942672,0.11338153,-0.05899677,-0.02673131,-0.09126998,-0.03607276,-0.05355982,0.12323634,-0.11661581,0.03221296,-0.05620897,-0.06312025,0.19544888,-2.29147530,0.63706082,-0.98197097,1.38408923,-1.01435757,0.34086025,-0.01884036,-2.28817630,-0.48586723,0.89984685,1.31137455,0.78804713,0.42586219,-0.05206851
-0.00507532,-0.00791134,0.78956157,0.01464465,0.02813755,-0.00275671,0.99949300,-0.08606682,0.00036623,0.05179162,0.11323473,-0.05835819,-0.02581367,-0.09228703,-0.03612395,-0.05018916,0.12301149,-0.11502046,0.03330656,-0.05601496,-0.06376632,0.19703110,-2.29716492,0.63039708,-0.98812157,1.39311290,-1.00582719,0.34965703,-0.01564994,-2.29069543,-0.48085266,0.90219694,1.31730008,0.79236192,0.43239653,-0.05223776
-0.00573743,-0.00735917,0.78954935,0.01465433,0.02775415,-0.00372416,0.99950039,-0.08622622,0.00001257,0.05364321,0.11326752,-0.05805672,-0.02478434,-0.09325381,-0.03626899,-0.04748441,0.12278663,-0.11363473,0.03437660,-0.05580705,-0.06394721,0.19767620,-2.29982114,0.62561482,-0.99214017,1.39792383,-0.99639142,0.35748303,-0.00999051,-2.29167151,-0.47707358,0.90255535,1.31782877,0.79717392,0.43821970,-0.05496633
-0.00645625,-0.00675240,0.78949684,0.01460472,0.02731756,-0.00450859,0.99950993,-0.08599593,-0.00039490,0.05506570,0.11317779,-0.05833600,-0.02350266,-0.09366126,-0.03651445,-0.04529056,0.12251565,-0.11255795,0.03546609,-0.05546389,-0.06349232,0.19775538,-2.30061889,0.62313908,-0.99244356,1.39734328,-0.98465681,0.36433703,-0.00263491,-2.29049206,-0.47544426,0.90007555,1.31258130,0.79914755,0.44417813,-0.06013314
-0.00719472,-0.00613432,0.78944230,0.01451597,0.02680088,-0.00518505,0.99952191,-0.08537804,-0.00071596,0.05659410,0.11297245,-0.05909317,-0.02217098,-0.09353222,-0.03680709,-0.04336308,0.12215868,-0.11179105,0.03673955,-0.05467065,-0.06241514,0.19725846,-2.29865766,0.62328333,-0.99014515,1.39185679,-0.97200888,0.37105915,0.00637007,-2.28910255,-0.47568703,0.89608407,1.30282223,0.80002266,0.44995588,-0.06695107
-0.00789630,-0.00551645,0.78937691,0.01438350,0.02619450,-0.00579918,0.99953657,-0.08445776,-0.00091639,0.05819082,0.11265729,-0.05992912,-0.02100479,-0.09308320,-0.03699382,-0.04187342,0.12192398,-0.11152127,0.03778352,-0.05368627,-0.06105122,0.19591722,-2.29532146,0.62583673,-0.98680615,1.38159502,-0.95970535,0.37750491,0.01653611,-2.28766656,-0.47730350,0.89157856,1.28892958,0.79976547,0.45428750,-0.07490110
-0.00850168,-0.00487763,0.78928131,0.01421292,0.02551643,-0.00631048,0.99955338,-0.08321276,-0.00116797,0.05957912,0.11235555,-0.06073518,-0.02032152,-0.09224078,-0.03707551,-0.04037635,0.12161086,-0.11160816,0.03867467,-0.05267711,-0.05944967,0.19351953,-2.29098153,0.63104463,-0.98330969,1.36639464,-0.94660556,0.38432351,0.02644854,-2.28517938,-0.47987524,0.88605803,1.27110648,0.79871476,0.45660174,-0.08360747
-0.00898805,-0.00421892,0.78914475,0.01402435,0.02471812,-0.00678821,0.99957299,-0.08140985,-0.00140708,0.06099426,0.11183520,-0.06201358,-0.01971999,-0.09061480,-0.03720992,-0.03860128,0.12121272,-0.11205906,0.03968293,-0.05147344,-0.05783781,0.19039130,-2.28558540,0.63812244,-0.97791100,1.34460044,-0.92872947,0.39094678,0.03656806,-2.28142500,-0.48332819,0.87746084,1.24973941,0.79735166,0.45845786,-0.09506754
-0.00935877,-0.00349762,0.78902507,0.01380126,0.02381231,-0.00717773,0.99959540,-0.07925747,-0.00156616,0.06269871,0.11129460,-0.06353998,-0.01904066,-0.08838520,-0.03735277,-0.03667907,0.12055337,-0.11217387,0.04075580,-0.05070162,-0.05619007,0.18619654,-2.27816248,0.64716864,-0.96950418,1.31583905,-0.90625012,0.39744550,0.04909466,-2.27651811,-0.48769656,0.86567336,1.22367489,0.79426116,0.46017113,-0.10959388
-0.00965274,-0.00270292,0.78896433,0.01355746,0.02286633,-0.00759921,0.99961776,-0.07702646,-0.00165044,0.06470056,0.11088081,-0.06506906,-0.01809731,-0.08653818,-0.03754972,-0.03488765,0.11991461,-0.11204366,0.04192083,-0.05021653,-0.05443963,0.18044893,-2.26686168,0.65870267,-0.95733500,1.27723289,-0.87816590,0.40390769,0.06603137,-2.27034259,-0.49368739,0.85004783,1.18930471,0.78896737,0.46069652,-0.13043503
-0.00976776,-0.00185957,0.78893489,0.01333355,0.02193790,-0.00832138,0.99963576,-0.07473886,-0.00177100,0.06704631,0.11066152,-0.06653127,-0.01660562,-0.08495840,-0.03781402,-0.03290595,0.11956038,-0.11168230,0.04300715,-0.05007345,-0.05271581,0.17270997,-2.24982738,0.67264575,-0.93790710,1.22689700,-0.84232783,0.41074184,0.08848763,-2.25928664,-0.50191385,0.82910043,1.14369678,0.77633685,0.46054178,-0.15797840
-0.00967319,-0.00094342,0.78891575,0.01312682,0.02099731,-0.00919427,0.99965107,-0.07247601,-0.00200975,0.06952094,0.11085898,-0.06829685,-0.01458935,-0.08367966,-0.03817018,-0.03084683,0.11938713,-0.11125097,0.04411388,-0.05051776,-0.05097917,0.16266188,-2.22535396,0.68886578,-0.91041696,1.16218138,-0.79780436,0.41827917,0.11840060,-2.24187374,-0.51228982,0.80272889,1.08293104,0.75624025,0.46047580,-0.19353469
-0.00935599,0.00004049,0.78887123,0.01290145,0.01991557,-0.01011923,0.99966723,-0.06986975,-0.00231205,0.07215853,0.11145719,-0.07060920,-0.01235863,-0.08210503,-0.03853037,-0.02864997,0.11966095,-0.11102267,0.04552776,-0.05151388,-0.04908693,0.15033695,-2.19058228,0.70687222,-0.87287772,1.08087158,-0.74665987,0.42733091,0.15556815,-2.21508336,-0.52511519,0.76935858,1.00454247,0.72731042,0.46243611,-0.23727405
-0.00880561,0.00103408,0.78879941,0.01264630,0.01858454,-0.01102487,0.99968654,-0.06633475,-0.00256690,0.07498679,0.11230785,-0.07335597,-0.01045883,-0.07981045,-0.03887340,-0.02625477,0.12033524,-0.11107548,0.04762561,-0.05324696,-0.04723796,0.13621126,-2.14527965,0.72610271,-0.82595128,0.98347056,-0.69049257,0.43813303,0.19824272,-2.17710614,-0.53917420,0.72933173,0.91004241,0.68923903,0.46674913,-0.28388211
-0.00806029,0.00198558,0.78868049,0.01228652,0.01690553,-0.01174842,0.99971259,-0.06179402,-0.00256852,0.07753628,0.11343636,-0.07668411,-0.00914880,-0.07657084,-0.03896095,-0.02392965,0.12182716,-0.11197972,0.04980640,-0.05565787,-0.04545604,0.12069542,-2.08964229,0.74435228,-0.77359349,0.87514371,-0.63884610,0.44988215,0.24228632,-2.12736607,-0.55327624,0.68432415,0.80307353,0.64722806,0.47466972,-0.32866213
-0.00717314,0.00283064,0.78850037,0.01184046,0.01488695,-0.01214451,0.99974531,-0.05625063,-0.00232633,0.07969630,0.11487319,-0.08028353,-0.00842363,-0.07225239,-0.03892503,-0.02208867,0.12380228,-0.11363731,0.05226910,-0.05862553,-0.04399513,0.10443673,-2.02568340,0.76044726,-0.71878546,0.75893098,-0.59333116,0.46246830,0.28458151,-2.06504178,-0.56780833,0.63342136,0.68473703,0.60536414,0.48679292,-0.37109885
-0.00624127,0.00356035,0.78827363,0.01127218,0.01258726,-0.01234606,0.99978101,-0.05009053,-0.00176775,0.08148497,0.11650639,-0.08432213,-0.00824773,-0.06727220,-0.03862826,-0.02091941,0.12651005,-0.11594400,0.05435514,-0.06189129,-0.04302470,0.08806648,-1.95454085,0.77258277,-0.66338593,0.63786983,-0.55526137,0.47552133,0.32290900,-1.98994303,-0.58263761,0.57852793,0.55942327,0.56767178,0.50157207,-0.41012308
-0.00530540,0.00419819,0.78798598,0.01063001,0.01014027,-0.01241659,0.99981499,-0.04367872,-0.00098495,0.08306560,0.11806633,-0.08846244,-0.00845691,-0.06210804,-0.03807216,-0.02016049,0.13001269,-0.11866815,0.05611422,-0.06513883,-0.04267525,0.07214028,-1.87657714,0.78020269,-0.60811198,0.51318407,-0.52377844,0.48906338,0.35736102,-1.90324092,-0.59722453,0.52056187,0.43147346,0.53735894,0.51781249,-0.44549721
-0.00445967,0.00482866,0.78767461,0.00998369,0.00777319,-0.01261054,0.99984044,-0.03748207,-0.00003291,0.08472859,0.11951137,-0.09257196,-0.00876771,-0.05790964,-0.03725535,-0.01908696,0.13465603,-0.12157324,0.05764411,-0.06793613,-0.04293056,0.05727695,-1.79192019,0.78283608,-0.55373526,0.38646969,-0.49673453,0.50309521,0.38745949,-1.80788589,-0.61048162,0.46187791,0.30567691,0.51781237,0.53247935,-0.47719568
-0.00380889,0.00549690,0.78737372,0.00945827,0.00558032,-0.01317429,0.99985296,-0.03162716,0.00077529,0.08680328,0.12094985,-0.09643184,-0.00925529,-0.05536855,-0.03644096,-0.01723402,0.14048320,-0.12470064,0.05929844,-0.06936723,-0.04353192,0.04372365,-1.70168734,0.77986544,-0.50191122,0.26184809,-0.47193211,0.51721311,0.41392595,-1.70839727,-0.62076128,0.40612659,0.18885882,0.50777233,0.54202974,-0.50406981
-0.00341816,0.00620886,0.78708595,0.00910394,0.00359633,-0.01405652,0.99985331,-0.02634152,0.00140500,0.08969871,0.12236495,-0.10057321,-0.00996763,-0.05466783,-0.03597557,-0.01479804,0.14857578,-0.12886663,0.06086619,-0.06956654,-0.04438256,0.03193273,-1.60753691,0.77057165,-0.45305437,0.14291860,-0.44841695,0.53058195,0.43638289,-1.61066496,-0.62696522,0.35844454,0.08614935,0.50615203,0.54831064,-0.52453965
-0.00326013,0.00697132,0.78682047,0.00895263,0.00176296,-0.01533504,0.99984080,-0.02147307,0.00176315,0.09353159,0.12379028,-0.10496762,-0.01078993,-0.05539963,-0.03585816,-0.01172279,0.15807961,-0.13394110,0.06270119,-0.06889686,-0.04540372,0.02143633,-1.50853956,0.75409245,-0.40767512,0.03102222,-0.42242989,0.54332823,0.45672238,-1.51428294,-0.62734658,0.31835112,-0.00526120,0.50684941,0.55185318,-0.53900075
-0.00322850,0.00773918,0.78658760,0.00896998,0.00004221,-0.01687449,0.99981737,-0.01724210,0.00176226,0.09774115,0.12512767,-0.10899672,-0.01119991,-0.05671953,-0.03602669,-0.00836524,0.16763674,-0.13881440,0.06468864,-0.06783249,-0.04643624,0.01237949,-1.40838468,0.73094261,-0.36782792,-0.06639724,-0.39385772,0.55414480,0.47327584,-1.42251599,-0.62099206,0.28746668,-0.08437711,0.50401646,0.55308455,-0.54644620
-0.00322663,0.00846184,0.78641725,0.00912476,-0.00158853,-0.01846309,0.99978662,-0.01345531,0.00135666,0.10158021,0.12636513,-0.11243814,-0.01085616,-0.05764313,-0.03644917,-0.00513461,0.17550008,-0.14273295,0.06653052,-0.06651071,-0.04732222,0.00460080,-1.30955052,0.70398080,-0.33491257,-0.14707443,-0.36204118,0.56330138,0.48596337,-1.33477330,-0.60885298,0.26516563,-0.15314275,0.49360228,0.55210304,-0.54883981
-0.00322320,0.00915187,0.78629595,0.00934175,-0.00321530,-0.01997405,0.99975169,-0.00989557,0.00054395,0.10456057,0.12751102,-0.11538097,-0.01007255,-0.05779879,-0.03710847,-0.00257430,0.18171541,-0.14566359,0.06802619,-0.06498019,-0.04768013,-0.00223743,-1.21303129,0.67449719,-0.30782580,-0.21277846,-0.32670230,0.56971902,0.49322763,-1.24913979,-0.59174263,0.24890547,-0.21312286,0.47443083,0.55033004,-0.54612643
-0.00316624,0.00978019,0.78617018,0.00964267,-0.00479377,-0.02130276,0.99971509,-0.00626685,-0.00069381,0.10709295,0.12838197,-0.11803216,-0.00940634,-0.05734804,-0.03826391,-0.00043552,0.18666092,-0.14816642,0.06920782,-0.06333248,-0.04733092,-0.00821114,-1.11811113,0.64373142,-0.28608122,-0.27010620,-0.29156354,0.57303429,0.49697161,-1.16573536,-0.57191920,0.23837344,-0.26569512,0.44925699,0.54769343,-0.54048663
-0.00299765,0.01033739,0.78601694,0.00996389,-0.00643859,-0.02235509,0.99967974,-0.00210313,-0.00204572,0.10939980,0.12880032,-0.12006877,-0.00912856,-0.05624606,-0.03975329,0.00147897,0.19129384,-0.15093563,0.07049414,-0.06166929,-0.04624879,-0.01287674,-1.02385354,0.61288321,-0.26872373,-0.32322222,-0.26091021,0.57360721,0.49949309,-1.08453810,-0.55214137,0.23252168,-0.31213173,0.42080003,0.54395634,-0.53495640
-0.00272144,0.01077064,0.78584951,0.01023321,-0.00823586,-0.02289571,0.99965155,0.00258551,-0.00332210,0.11112464,0.12926635,-0.12170663,-0.00901847,-0.05419720,-0.04132985,0.00236895,0.19590269,-0.15438125,0.07132938,-0.06025063,-0.04463188,-0.01593141,-0.92902607,0.58353740,-0.25536975,-0.37398550,-0.23604117,0.57229835,0.50383693,-1.00577116,-0.53416437,0.23089187,-0.35363531,0.39170188,0.53912503,-0.53369755
-0.00239420,0.01104661,0.78565019,0.01038831,-0.01015288,-0.02293004,0.99963152,0.00737575,-0.00422117,0.11199038,0.12994619,-0.12330884,-0.00915279,-0.05090089,-0.04284059,0.00182441,0.20025212,-0.15822044,0.07179833,-0.05939609,-0.04266204,-0.01741330,-0.83272922,0.55557811,-0.24660540,-0.42217049,-0.21440570,0.56971741,0.51042527,-0.92589182,-0.51755172,0.23213542,-0.39115581,0.36269787,0.53397691,-0.53687173
-0.00205347,0.01114656,0.78546840,0.01043941,-0.01200143,-0.02241387,0.99962223,0.01189676,-0.00461202,0.11215995,0.13080497,-0.12492095,-0.00945621,-0.04674134,-0.04411826,-0.00024551,0.20367159,-0.16183069,0.07184926,-0.05931885,-0.04081098,-0.01708035,-0.74117541,0.53020149,-0.24381353,-0.46441317,-0.19629304,0.56623620,0.51862633,-0.84707510,-0.50305372,0.23523897,-0.42441139,0.33704919,0.52831727,-0.54604447
-0.00171504,0.01112223,0.78533077,0.01041122,-0.01363239,-0.02152514,0.99962115,0.01589577,-0.00463096,0.11194665,0.13160372,-0.12631139,-0.00951952,-0.04233174,-0.04502269,-0.00273671,0.20600215,-0.16482374,0.07172094,-0.05926254,-0.03931339,-0.01525576,-0.65738255,0.50695235,-0.24635330,-0.49916229,-0.17940305,0.56233084,0.52711773,-0.76904207,-0.49013641,0.23992188,-0.45368043,0.31233200,0.52131259,-0.56023830
-0.00139307,0.01099959,0.78526783,0.01037204,-0.01489593,-0.02026930,0.99962974,0.01898213,-0.00465702,0.11078472,0.13247427,-0.12732844,-0.00921570,-0.03833558,-0.04553295,-0.00531788,0.20697197,-0.16727310,0.07111054,-0.05908763,-0.03814302,-0.01240906,-0.58220243,0.48606786,-0.25130889,-0.52627766,-0.16557513,0.55772513,0.53757811,-0.69319081,-0.47836769,0.24547309,-0.47903877,0.28902474,0.51212525,-0.57961106
-0.00110783,0.01081148,0.78530151,0.01037512,-0.01571204,-0.01873008,0.99964726,0.02050985,-0.00503973,0.10831412,0.13350801,-0.12789786,-0.00899621,-0.03515669,-0.04594984,-0.00794973,0.20668820,-0.16901107,0.07023426,-0.05847271,-0.03730877,-0.00934212,-0.51840967,0.46847090,-0.25552279,-0.54598296,-0.15644956,0.55175382,0.54667765,-0.62365735,-0.46714699,0.25029719,-0.49855608,0.26856738,0.50195414,-0.59942645
-0.00089269,0.01057397,0.78539681,0.01045163,-0.01620913,-0.01694963,0.99967033,0.02070162,-0.00584956,0.10432040,0.13442038,-0.12828828,-0.00886053,-0.03256560,-0.04668093,-0.01123707,0.20574215,-0.17041272,0.06917613,-0.05772353,-0.03674654,-0.00603983,-0.46355817,0.45328313,-0.25898713,-0.56149989,-0.15267427,0.54488623,0.55488575,-0.56181794,-0.45664880,0.25428408,-0.51381910,0.25541002,0.49120116,-0.62100917
-0.00073030,0.01028302,0.78548115,0.01060778,-0.01656221,-0.01509020,0.99969268,0.02019288,-0.00679915,0.09974572,0.13520132,-0.12835628,-0.00910449,-0.02997673,-0.04772639,-0.01494279,0.20450732,-0.17206445,0.06815773,-0.05676921,-0.03650713,-0.00255346,-0.41703099,0.43998274,-0.26281416,-0.57393724,-0.14977834,0.53847098,0.56134760,-0.50826067,-0.44739860,0.25784200,-0.52628893,0.25002909,0.48068786,-0.64388973
-0.00058789,0.00992602,0.78558010,0.01080109,-0.01683621,-0.01338812,0.99971026,0.02007400,-0.00763354,0.09583669,0.13562074,-0.12799756,-0.00930139,-0.02744230,-0.04860911,-0.01771410,0.20346126,-0.17378777,0.06714572,-0.05557847,-0.03637850,0.00105648,-0.37805954,0.42869869,-0.26758406,-0.58512777,-0.14542505,0.53371388,0.56713283,-0.46172693,-0.43975171,0.26167417,-0.53751987,0.24857917,0.46923971,-0.66792464
-0.00041753,0.00950033,0.78570575,0.01100898,-0.01700948,-0.01183577,0.99972463,0.02012286,-0.00825948,0.09286162,0.13592692,-0.12759733,-0.00919507,-0.02529010,-0.04938380,-0.01990867,0.20286177,-0.17529197,0.06615943,-0.05441087,-0.03640861,0.00465659,-0.34481815,0.41920310,-0.27365354,-0.59537143,-0.13939714,0.52980936,0.57256985,-0.42087996,-0.43366987,0.26612023,-0.54837036,0.24673504,0.45794636,-0.69095945
-0.00016158,0.00900468,0.78582114,0.01124097,-0.01705664,-0.01022642,0.99973905,0.01996386,-0.00870195,0.08990989,0.13646634,-0.12714812,-0.00876269,-0.02359774,-0.05015139,-0.02263653,0.20308003,-0.17707175,0.06511255,-0.05351056,-0.03656667,0.00821652,-0.31432804,0.41118976,-0.28138980,-0.60431546,-0.13265146,0.52659446,0.57734668,-0.38258922,-0.42855281,0.27026647,-0.55954444,0.24387904,0.44468576,-0.71536791
0.00020294,0.00843567,0.78587246,0.01148778,-0.01707957,-0.00852668,0.99975175,0.01955939,-0.00911968,0.08647840,0.13738590,-0.12701368,-0.00815699,-0.02175699,-0.05085384,-0.02597209,0.20336226,-0.17900512,0.06406485,-0.05276719,-0.03699293,0.01172586,-0.28628412,0.40490353,-0.29124051,-0.61147356,-0.12538314,0.52334148,0.58050919,-0.34703028,-0.42375061,0.27392134,-0.57083327,0.24195203,0.43071368,-0.74175423
0.00066650,0.00781969,0.78586662,0.01174648,-0.01720296,-0.00684339,0.99975961,0.01941409,-0.00956841,0.08281280,0.13853608,-0.12746671,-0.00749180,-0.01976087,-0.05147176,-0.02958436,0.20395595,-0.18075246,0.06329425,-0.05173521,-0.03768412,0.01517804,-0.26238105,0.40059897,-0.30220890,-0.61624962,-0.11733426,0.51910728,0.58161217,-0.31465945,-0.41852430,0.27773431,-0.58165860,0.24054703,0.41639993,-0.76838398
0.00123888,0.00717014,0.78584850,0.01200212,-0.01747718,-0.00510996,0.99976218,0.01977172,-0.01001599,0.07868823,0.13984589,-0.12836893,-0.00720171,-0.01733327,-0.05189691,-0.03336620,0.20457533,-0.18262449,0.06241826,-0.05058955,-0.03853523,0.01858616,-0.24105722,0.39835352,-0.31257412,-0.61837810,-0.10897154,0.51424646,0.58235174,-0.28570318,-0.41217843,0.28336263,-0.59116077,0.23878062,0.40089387,-0.79541069
0.00184226,0.00648662,0.78585041,0.01219583,-0.01790490,-0.00348383,0.99975932,0.02042391,-0.01023520,0.07467656,0.14170890,-0.12975828,-0.00754268,-0.01440430,-0.05215857,-0.03697390,0.20464969,-0.18446285,0.06169755,-0.04923629,-0.03938722,0.02175631,-0.22246094,0.39810696,-0.32169718,-0.61878657,-0.09891845,0.51015747,0.58233976,-0.26081157,-0.40443915,0.29240659,-0.59833306,0.23772216,0.38590997,-0.82196075
0.00246577,0.00579101,0.78585976,0.01227874,-0.01856332,-0.00212895,0.99974996,0.02170130,-0.01007762,0.07160510,0.14392425,-0.13135707,-0.00822568,-0.01121116,-0.05219007,-0.04007706,0.20457536,-0.18607995,0.06149000,-0.04765664,-0.04017473,0.02462025,-0.20705260,0.39929670,-0.32942110,-0.61913002,-0.08523381,0.50799382,0.58161056,-0.23929894,-0.39564940,0.30537391,-0.60267866,0.23647891,0.37250409,-0.84604937
0.00318384,0.00508388,0.78584117,0.01229438,-0.01942106,-0.00097056,0.99973530,0.02364799,-0.00959521,0.06966409,0.14646468,-0.13346429,-0.00900643,-0.00763554,-0.05217716,-0.04281352,0.20467485,-0.18762542,0.06137588,-0.04639400,-0.04092018,0.02729255,-0.19260539,0.40043810,-0.33586201,-0.62019402,-0.06788480,0.50773549,0.58153206,-0.22004513,-0.38660720,0.32112026,-0.60374606,0.23103140,0.36235371,-0.86473000
0.00403677,0.00442720,0.78580576,0.01232213,-0.02021416,-0.00009520,0.99971974,0.02612177,-0.00890307,0.06858499,0.14849344,-0.13540785,-0.00938558,-0.00453966,-0.05206497,-0.04499358,0.20556380,-0.18899988,0.06143895,-0.04546122,-0.04145476,0.02930058,-0.17840435,0.40021387,-0.34303552,-0.62201840,-0.04439528,0.50940108,0.58276170,-0.20092458,-0.37853095,0.33864334,-0.60145396,0.22063445,0.35252407,-0.88169134
0.00498805,0.00388645,0.78574681,0.01239070,-0.02086158,0.00042650,0.99970549,0.02894408,-0.00816347,0.06826890,0.14887276,-0.13628806,-0.00975430,-0.00142021,-0.05166128,-0.04628132,0.20542742,-0.18956447,0.06141126,-0.04434330,-0.04161629,0.03008752,-0.16699871,0.39918950,-0.35164309,-0.62382632,-0.02122456,0.51101643,0.58393431,-0.18356745,-0.37338644,0.35512301,-0.59767699,0.20974168,0.34109893,-0.89893621
0.00599138,0.00344563,0.78571397,0.01253305,-0.02133806,0.00067862,0.99969357,0.03165714,-0.00753847,0.06844771,0.14752103,-0.13590267,-0.01053256,0.00232644,-0.05095132,-0.04636868,0.20283493,-0.18909426,0.06075369,-0.04338387,-0.04165091,0.02955163,-0.15888546,0.39875644,-0.36052567,-0.62525707,-0.00306307,0.50911874,0.58416981,-0.16955867,-0.37205234,0.36927330,-0.59571332,0.20140575,0.32801932,-0.91438234
0.00694717,0.00313642,0.78572005,0.01277386,-0.02188071,0.00064123,0.99967879,0.03464963,-0.00720341,0.06875505,0.14527225,-0.13537368,-0.01202617,0.00706923,-0.05002077,-0.04496123,0.19815263,-0.18797921,0.05942704,-0.04283310,-0.04190728,0.02822413,-0.15298304,0.39928040,-0.36708722,-0.62667072,0.00432339,0.50148094,0.58331633,-0.16025937,-0.37460792,0.37991771,-0.59825701,0.20417628,0.31417918,-0.92404336
0.00779175,0.00296908,0.78578508,0.01303164,-0.02258126,0.00041392,0.99966002,0.03761322,-0.00693358,0.06959111,0.14326335,-0.13468891,-0.01446097,0.01217764,-0.04920473,-0.04284479,0.19264276,-0.18725125,0.05724630,-0.04285738,-0.04270118,0.02658013,-0.14870752,0.40109140,-0.36910355,-0.62891167,-0.00466335,0.48961884,0.57902491,-0.15586482,-0.38089216,0.38749793,-0.60686737,0.22455111,0.30596417,-0.92646039
0.00850511,0.00293404,0.78574526,0.01318537,-0.02357848,-0.00019107,0.99963498,0.04045435,-0.00631637,0.07213453,0.14310110,-0.13406479,-0.01721391,0.01778420,-0.04868729,-0.03999677,0.18809189,-0.18775596,0.05457401,-0.04310706,-0.04346458,0.02605100,-0.14328165,0.40358090,-0.36744019,-0.63274211,-0.02230179,0.47961420,0.57359976,-0.15271579,-0.39002728,0.39527109,-0.61722058,0.24252488,0.30373007,-0.92136180
0.00906447,0.00291542,0.78561175,0.01327051,-0.02485544,-0.00103490,0.99960250,0.04293758,-0.00547455,0.07606898,0.14539289,-0.13401960,-0.01862303,0.02315382,-0.04871327,-0.03822264,0.18651178,-0.18894522,0.05312513,-0.04325591,-0.04402922,0.02766353,-0.13307044,0.40472001,-0.36260974,-0.63469720,-0.02950164,0.47498736,0.57089734,-0.14760503,-0.39884150,0.40200385,-0.62357754,0.24217224,0.30371192,-0.91072911
0.00940268,0.00296847,0.78557831,0.01345853,-0.02600145,-0.00194702,0.99956942,0.04567951,-0.00506855,0.08017079,0.14880551,-0.13508385,-0.01796436,0.02579701,-0.04857676,-0.03560068,0.18976186,-0.19029897,0.05392788,-0.04404744,-0.04495692,0.02998653,-0.11748356,0.40348697,-0.35168472,-0.63463849,-0.02657357,0.47415793,0.57170391,-0.13954553,-0.40439013,0.40287164,-0.62336695,0.23095267,0.30140540,-0.89474440
