0.06010851,0.00267090,0.78242344,0.00025795,0.01402314,-0.00019148,0.99990159,0.01833726,0.11032809,0.21032175,0.14010631,-0.17425391,-0.09153789,0.01424412,-0.11907898,-0.26829305,0.13887236,-0.17796457,0.10119554,-0.02722443,-0.00847965,0.08190823,-0.05195475,0.28304037,-0.62280101,1.11093211,-0.12401868,-0.06811495,0.03175609,-0.12651359,-0.24028058,0.68322730,1.16038275,-0.09622377,-0.04151125,-0.10649397
0.06065750,0.00304269,0.78221148,0.00036484,0.01507893,-0.00105746,0.99988568,0.01708908,0.11114680,0.21350007,0.13936689,-0.17720959,-0.09156732,0.01240686,-0.11947837,-0.26738107,0.14107949,-0.18050571,0.10286970,-0.02692423,-0.00967045,0.08154061,-0.05440585,0.28454217,-0.62421870,1.11029339,-0.12182689,-0.06763878,0.02805573,-0.12628192,-0.24031933,0.68038720,1.16123962,-0.09544463,-0.04164211,-0.10539196
0.06198791,0.00274573,0.78188622,0.00024388,0.01588715,-0.00195268,0.99987185,0.01630379,0.11249084,0.21563022,0.14101504,-0.18059373,-0.09132102,0.00988500,-0.11933561,-0.26612470,0.14629948,-0.18549520,0.10335525,-0.02717599,-0.01042002,0.08217280,-0.05618650,0.28620872,-0.62582850,1.10937119,-0.11669987,-0.06816266,0.02531104,-0.12630351,-0.24062300,0.67722899,1.16172361,-0.09205221,-0.04218721,-0.10537904
0.06363413,0.00229771,0.78152877,0.00000823,0.01644508,-0.00337425,0.99985904,0.01652131,0.11441998,0.21831678,0.14397168,-0.18506305,-0.09140218,0.00742955,-0.11852148,-0.26361880,0.15252405,-0.19163492,0.10289362,-0.02737743,-0.01136458,0.08330614,-0.05621936,0.28792778,-0.62825888,1.10867071,-0.11174700,-0.06776337,0.02398947,-0.12570889,-0.24106088,0.67415845,1.16113973,-0.08965598,-0.04337242,-0.10578287
0.06566610,0.00160008,0.78117794,-0.00031591,0.01693762,-0.00538403,0.99984199,0.01758016,0.11690494,0.22200671,0.14702697,-0.19061895,-0.09211069,0.00517258,-0.11704391,-0.25955501,0.15844700,-0.19810490,0.10178610,-0.02750676,-0.01232164,0.08440259,-0.05501512,0.28932443,-0.63138473,1.10875773,-0.10810851,-0.06714342,0.02342908,-0.12384611,-0.24237171,0.67050433,1.15865064,-0.08836979,-0.04507148,-0.10588089
0.06815019,0.00095519,0.78085321,-0.00062535,0.01769294,-0.00816521,0.99980992,0.01958245,0.11957704,0.22734611,0.14914544,-0.19691123,-0.09313773,0.00286964,-0.11506032,-0.25425243,0.16380970,-0.20486926,0.10035197,-0.02793391,-0.01350900,0.08534794,-0.05286685,0.29065624,-0.63528776,1.10914385,-0.10362776,-0.06657504,0.02147565,-0.12055910,-0.24547042,0.66611326,1.15442252,-0.08785351,-0.04764807,-0.10553727
0.07098458,0.00037093,0.78056729,-0.00095046,0.01903899,-0.01183430,0.99974823,0.02125763,0.12237860,0.23439832,0.15089358,-0.20347486,-0.09424991,-0.00045086,-0.11255342,-0.24772371,0.16826810,-0.21116582,0.09863359,-0.02892459,-0.01459835,0.08624884,-0.05022746,0.29234967,-0.64005584,1.10906780,-0.09646446,-0.06642631,0.01766673,-0.11594018,-0.25105736,0.66039926,1.14965415,-0.08814289,-0.05134458,-0.10529686
0.07399646,-0.00013554,0.78022766,-0.00134907,0.02134039,-0.01642108,0.99963653,0.02165337,0.12584294,0.24407564,0.15291122,-0.21075226,-0.09550756,-0.00588922,-0.10934597,-0.23939225,0.17243300,-0.21739599,0.09628697,-0.03065506,-0.01552797,0.08748708,-0.04768015,0.29488790,-0.64609861,1.10687816,-0.08815538,-0.06679790,0.01205861,-0.10951470,-0.25993386,0.65247661,1.14512944,-0.08918756,-0.05570772,-0.10446708
0.07657075,-0.00070954,0.77980405,-0.00171206,0.02488795,-0.02209212,0.99944460,0.02043439,0.12971985,0.25644711,0.15478617,-0.21857893,-0.09655791,-0.01583204,-0.10606860,-0.22866957,0.17965758,-0.22485511,0.09309653,-0.03303523,-0.01649338,0.08976700,-0.04625189,0.29859313,-0.65345496,1.10168743,-0.07850368,-0.06788240,0.00412483,-0.10054278,-0.27259970,0.64139712,1.14162016,-0.08891340,-0.05966577,-0.10273398
0.07934515,-0.00156131,0.77928358,-0.00162899,0.02972939,-0.02898842,0.99913627,0.01784993,0.13304514,0.27179706,0.15595593,-0.22599316,-0.09731039,-0.03205229,-0.10379560,-0.21514906,0.19351205,-0.23523404,0.08923839,-0.03599985,-0.01829882,0.09391358,-0.04679525,0.30379814,-0.66065586,1.09311485,-0.06850914,-0.06871827,-0.00577551,-0.08785300,-0.28900281,0.62597644,1.13821459,-0.08668952,-0.06203404,-0.09929831
0.08219474,-0.00281820,0.77862167,-0.00085869,0.03600385,-0.03683412,0.99867225,0.01299046,0.13546401,0.28956470,0.15701354,-0.23316997,-0.09756538,-0.05549127,-0.10271211,-0.19952118,0.21492730,-0.24931477,0.08503786,-0.03977775,-0.02144376,0.10025637,-0.05062092,0.31106010,-0.66573894,1.08092117,-0.05929936,-0.06897736,-0.01680205,-0.06953437,-0.30841103,0.60479605,1.13179934,-0.08337901,-0.06303917,-0.09376147
0.08497919,-0.00447658,0.77779800,0.00076000,0.04418995,-0.04518348,0.99800050,0.00513206,0.13664478,0.30882552,0.15622050,-0.23905887,-0.09728111,-0.08722337,-0.10247827,-0.18218781,0.24350454,-0.26650441,0.07977022,-0.04474934,-0.02625324,0.10884815,-0.05856076,0.32093713,-0.66689402,1.06538391,-0.05287734,-0.06872624,-0.02733088,-0.04386406,-0.33011723,0.57709140,1.11896110,-0.08000135,-0.06402013,-0.08615799
0.08739704,-0.00673109,0.77681738,0.00367721,0.05502615,-0.05321495,0.99705905,-0.00722801,0.13514440,0.32774433,0.15044717,-0.24135788,-0.09674726,-0.12828396,-0.10349765,-0.16447423,0.27784342,-0.28566164,0.07394166,-0.05233409,-0.03345023,0.11946624,-0.07035100,0.33252543,-0.66256565,1.04825854,-0.04970974,-0.06791917,-0.03481576,-0.01146385,-0.35210058,0.54312247,1.09647393,-0.07639957,-0.06592119,-0.07959135
0.08931048,-0.00972583,0.77580541,0.00792859,0.06942479,-0.06032818,0.99572980,-0.02564096,0.13072962,0.34452739,0.13727720,-0.23886363,-0.09598358,-0.17828590,-0.10549697,-0.14745992,0.31423226,-0.30452701,0.06795704,-0.06365552,-0.04240512,0.13182944,-0.08555131,0.34421387,-0.65247470,1.03164303,-0.04723520,-0.06723761,-0.03711053,0.02678074,-0.37262410,0.50420856,1.06385410,-0.07426128,-0.06980872,-0.07771822
0.09101086,-0.01332249,0.77470070,0.01269422,0.08723959,-0.06613988,0.99390829,-0.05084645,0.12588029,0.35803467,0.12160210,-0.23577747,-0.09596562,-0.23222871,-0.10678751,-0.13278112,0.34497958,-0.32064724,0.06294049,-0.07780737,-0.04952661,0.14552242,-0.10294368,0.35326695,-0.63519746,1.01764393,-0.04366848,-0.06699798,-0.03373408,0.06749626,-0.38946795,0.46557441,1.02806830,-0.07477430,-0.07560508,-0.08340144
0.09390354,-0.01728779,0.77315128,0.01733984,0.10711608,-0.07144168,0.99152488,-0.08240273,0.12384984,0.37079477,0.11353058,-0.23851357,-0.09859359,-0.28679702,-0.10696238,-0.12034335,0.36998248,-0.33612016,0.05921061,-0.09268808,-0.05173640,0.16094042,-0.12108369,0.35702714,-0.61009657,1.00704932,-0.04058889,-0.06756187,-0.02397023,0.10564883,-0.40172109,0.43363968,0.99874365,-0.07772905,-0.08242369,-0.09631934
0.09881222,-0.02112178,0.77063966,0.02225291,0.12650678,-0.07755905,0.98867863,-0.11341608,0.12370241,0.38724583,0.11394247,-0.25016189,-0.10291680,-0.34063900,-0.10843137,-0.10879521,0.40068761,-0.35717481,0.05607099,-0.10651854,-0.04896966,0.17977411,-0.13753386,0.35427353,-0.57749444,0.99745363,-0.04056185,-0.06944840,-0.00852328,0.13539094,-0.41045448,0.41126925,0.98584902,-0.08139374,-0.08879415,-0.11043502
0.10675343,-0.02464796,0.76632464,0.02841347,0.14177769,-0.08416873,0.98590428,-0.13625768,0.12184871,0.40701711,0.12283789,-0.26845500,-0.10292655,-0.39241698,-0.11415292,-0.09371758,0.45516506,-0.39004308,0.05632744,-0.11675527,-0.04440657,0.20439263,-0.15082391,0.34737545,-0.54513764,0.98353177,-0.04157828,-0.07302253,0.00883452,0.14980876,-0.41583088,0.40048832,0.99658388,-0.08058595,-0.09162521,-0.11757485
0.11736065,-0.02761222,0.75910664,0.03393338,0.15020010,-0.09084419,0.98388809,-0.19481505,0.14304043,0.41306427,0.25882670,-0.33612835,-0.08590555,-0.44003585,-0.11881243,-0.07022712,0.54158390,-0.43920726,0.05824637,-0.12028976,-0.03617983,0.23847185,-0.16205667,0.34153807,-0.52362978,0.96315676,-0.03903767,-0.07941265,0.02008647,0.14179328,-0.41636702,0.40316930,1.03197145,-0.07073297,-0.09080886,-0.10934932
0.12949605,-0.03030408,0.74691600,0.03256862,0.15294859,-0.09663438,0.98295873,-0.30995873,0.21274284,0.40161449,0.57435066,-0.45203635,-0.02029665,-0.47845179,-0.10863214,-0.05017571,0.64434421,-0.50519496,0.05800311,-0.11688502,-0.01328316,0.27677065,-0.16901734,0.33901268,-0.51154989,0.94405282,-0.04166223,-0.08941473,0.02640220,0.10909446,-0.41375881,0.41944185,1.08869672,-0.06417764,-0.08313279,-0.09299643
0.14300527,-0.03268458,0.73148465,0.02911527,0.15361892,-0.09965242,0.98266113,-0.44595045,0.29639250,0.39703968,0.93236506,-0.51484555,0.09306674,-0.50922155,-0.09896180,-0.03895685,0.75693715,-0.57639301,0.06282882,-0.10821202,0.01683030,0.31174469,-0.17645238,0.34030893,-0.49976012,0.92950130,-0.03718743,-0.09921126,0.03219964,0.04006810,-0.40999654,0.45148206,1.16636860,-0.05759705,-0.07351738,-0.07647055
0.15901560,-0.03544320,0.71494657,0.02550704,0.15283935,-0.09991479,0.98285633,-0.58267558,0.33999205,0.36876848,1.22111547,-0.54617500,0.17647712,-0.52641970,-0.09492210,-0.03679093,0.86317623,-0.64600646,0.06513421,-0.09380285,0.04498912,0.33935896,-0.18140127,0.34817645,-0.49585140,0.93081141,-0.02662900,-0.10320684,0.02308108,-0.05863458,-0.40468621,0.49158463,1.23786104,-0.03178868,-0.06672673,-0.07396123
0.18132742,-0.03788755,0.69933760,0.02323111,0.14908402,-0.09914843,0.98356688,-0.71991211,0.31311989,0.32111570,1.38755488,-0.55580950,0.18547297,-0.52266163,-0.09770976,-0.03625289,0.95534652,-0.71416920,0.07063018,-0.07325416,0.06767742,0.36382717,-0.18839395,0.37161517,-0.50446272,0.95044428,-0.01150278,-0.10297239,-0.00392724,-0.18587400,-0.40800393,0.52389222,1.27881813,0.00575888,-0.06788611,-0.09662178
0.20193478,-0.03874543,0.68533677,0.02368037,0.14104386,-0.09835092,0.98482126,-0.84743458,0.26434985,0.30709416,1.43553710,-0.55206740,0.16737869,-0.49864706,-0.11016148,-0.03264904,1.02908587,-0.77382338,0.08233294,-0.04693135,0.08284998,0.38601679,-0.20510718,0.42090982,-0.51581204,0.97989506,-0.00225399,-0.10270234,-0.05154901,-0.34794518,-0.43114036,0.54098445,1.28405023,0.03985159,-0.07300445,-0.13587534
0.22582309,-0.03812318,0.67511666,0.02665682,0.12993270,-0.10091367,0.98601383,-0.95256788,0.23229507,0.31916821,1.38359416,-0.54087204,0.14809683,-0.45614263,-0.12680866,-0.02029825,1.08270860,-0.81437457,0.09235154,-0.01004216,0.09031229,0.40215704,-0.23353788,0.50363219,-0.51679504,1.01134455,-0.00028860,-0.10807477,-0.11112699,-0.54560012,-0.48572969,0.53351486,1.25356507,0.03346092,-0.07325893,-0.16801946
0.25172555,-0.03644348,0.66956478,0.03290844,0.11705478,-0.10926517,0.98654765,-1.02960014,0.22556774,0.34387761,1.24508440,-0.49899542,0.13130946,-0.39133176,-0.14906450,0.00548819,1.10302877,-0.83743936,0.10937802,0.03706641,0.08874623,0.41471851,-0.26610994,0.63896638,-0.48409814,1.02749300,0.00124356,-0.10752951,-0.16310769,-0.79709345,-0.58035624,0.51006240,1.18829083,-0.02926849,-0.06364844,-0.19751610
0.28241408,-0.03472407,0.66874760,0.04232448,0.10437687,-0.12614056,0.98559761,-1.08221900,0.23580135,0.35453093,1.06422997,-0.39076573,0.11261486,-0.29601121,-0.18105739,0.04273318,1.05519366,-0.85280526,0.12697238,0.09561144,0.07472977,0.41717544,-0.28400424,0.82718390,-0.42775568,1.01751137,0.00765386,-0.08633178,-0.20940551,-1.09849274,-0.69260430,0.54684591,1.12458980,-0.10196962,-0.05398455,-0.22817898
0.32386646,-0.03411295,0.67169857,0.04926430,0.09300420,-0.14981307,0.98309678,-1.12484157,0.26875326,0.33372298,0.92313880,-0.22946979,0.08603284,-0.16391660,-0.21602741,0.07891899,0.93057501,-0.83590055,0.13458709,0.16314687,0.05354773,0.41107389,-0.26114744,1.03876710,-0.37533259,1.00411129,0.00589696,-0.04749647,-0.24955216,-1.40494919,-0.78844702,0.67499310,1.04298651,-0.13232698,-0.05763309,-0.27746493
0.37669605,-0.03549979,0.67982900,0.05505897,0.08545756,-0.16814499,0.98050636,-1.17457736,0.29565427,0.28418493,0.82469261,-0.00635040,0.03263851,-0.00045182,-0.25585493,0.10444631,0.74051583,-0.74789667,0.14735866,0.21423917,0.01408817,0.39200833,-0.17478111,1.24114275,-0.30042753,1.00666904,-0.01475614,-0.01867747,-0.25417519,-1.64089048,-0.86677438,0.81060040,0.92366952,-0.16586046,-0.07170102,-0.32165176
0.43775111,-0.03805577,0.69284004,0.05921809,0.08008049,-0.17658861,0.97923279,-1.20397389,0.30191073,0.22407502,0.73666340,0.23870838,-0.05286656,0.16302340,-0.28910980,0.11483756,0.56118083,-0.55150330,0.15771274,0.24450491,-0.03460281,0.35246304,-0.04415305,1.37031555,-0.20446649,1.03403521,-0.05846721,0.00076405,-0.24033782,-1.71166420,-0.93072391,0.85268867,0.76957947,-0.22056496,-0.07293954,-0.35556024
0.50509948,-0.03942960,0.70966607,0.05404166,0.07287835,-0.18141125,0.97921306,-1.16848862,0.30766851,0.18753399,0.61698586,0.42085648,-0.15449761,0.26028275,-0.29710707,0.11384344,0.52373910,-0.27817130,0.13989696,0.26433858,-0.06106514,0.30704811,0.11399940,1.40810370,-0.10062712,1.07312512,-0.09626324,0.00318601,-0.22579733,-1.63757896,-0.97878975,0.81117457,0.59996498,-0.27760836,-0.06802183,-0.36376598
0.57546383,-0.03810895,0.72590208,0.04026761,0.05578667,-0.18767175,0.97981918,-1.05003309,0.32313862,0.19567342,0.45604053,0.51293004,-0.22240934,0.30520692,-0.30642328,0.05472010,0.64408427,-0.10536685,0.07739238,0.29084411,-0.06114614,0.27982312,0.28350857,1.38096881,-0.00253369,1.10348797,-0.11756628,-0.00779936,-0.21037567,-1.45305550,-1.00303948,0.71168971,0.45068407,-0.30209300,-0.05274571,-0.35391369
0.64374620,-0.03429468,0.73520625,0.02474159,0.03185610,-0.19762564,0.97944736,-0.90615737,0.33653769,0.22767714,0.32190445,0.54173654,-0.24263851,0.33902815,-0.36695877,-0.06973219,0.85184431,-0.14591223,-0.01216575,0.32794797,-0.04416037,0.26788312,0.41872019,1.29836047,0.05842961,1.12099314,-0.12755515,-0.01408370,-0.19503142,-1.18008029,-0.97592825,0.57018059,0.34758523,-0.30083844,-0.02962582,-0.34683856
0.70904100,-0.02886101,0.73598886,0.00674682,0.01156182,-0.21194895,0.97718900,-0.80576122,0.36917895,0.24831875,0.32146111,0.51109475,-0.23029716,0.35345605,-0.40657756,-0.12223078,1.04280126,-0.22604175,-0.04237596,0.36577874,-0.00591111,0.24821325,0.50419515,1.16633439,0.08516301,1.13736057,-0.11964746,-0.02040327,-0.17429893,-0.90019172,-0.90181690,0.45979986,0.31507421,-0.28698590,-0.00853003,-0.32168129
0.77258027,-0.02307224,0.72922045,-0.01164472,-0.00454699,-0.22819825,0.97353441,-0.71978813,0.40583912,0.25552559,0.38604122,0.45218921,-0.20539442,0.33754802,-0.39942005,-0.09931520,1.20361948,-0.29255512,-0.02056901,0.38817185,0.04275785,0.22126876,0.56380391,1.01092863,0.09101274,1.15024066,-0.10464780,-0.02528941,-0.14939511,-0.69261801,-0.80612510,0.41535479,0.38190919,-0.27004072,0.00567961,-0.28705072
0.83341825,-0.01873837,0.71391857,-0.02533848,-0.01184020,-0.23296495,0.97208285,-0.59204280,0.39672875,0.26604706,0.38772196,0.31394458,-0.24412458,0.29035982,-0.34704623,-0.03640415,1.35554123,-0.36820969,0.01529875,0.37466168,0.08326928,0.18160839,0.58812594,0.85463935,0.06669146,1.16083860,-0.07040928,-0.03838564,-0.12811694,-0.53529698,-0.71134406,0.40878505,0.52039397,-0.26576456,0.01751009,-0.24567966
0.88176268,-0.01457765,0.69489366,-0.01058325,-0.00447043,-0.20703223,0.97826666,-0.72541749,0.34246799,0.21127950,0.69406444,0.11092529,-0.06547891,0.19762203,-0.32359019,-0.02516704,1.52152002,-0.43878290,0.06842258,0.32455766,0.04391732,0.18483040,0.56821883,0.72587031,0.01864182,1.18183136,-0.03194698,-0.04798894,-0.10962202,-0.44348389,-0.62938726,0.39486226,0.69488454,-0.25239798,0.02039409,-0.22328670
0.91868722,-0.01237192,0.68070382,0.01045145,-0.00695112,-0.16215406,0.98668557,-0.79731548,0.23485808,0.18809581,0.88430130,-0.02267957,0.00328661,0.09023295,-0.31662640,-0.06331225,1.66941237,-0.50664681,0.09417576,0.25647268,-0.01023406,0.22674650,0.45408624,0.64231962,-0.12247843,1.22922325,0.00183107,-0.04489253,-0.09963341,-0.35608625,-0.54233772,0.32955170,0.88451940,-0.22113502,0.02139687,-0.21490017
0.95029658,-0.01091821,0.67724138,0.02189077,-0.00858503,-0.13078371,0.99113202,-0.79678929,0.15812786,0.18329477,0.95630252,-0.10969409,0.02843764,-0.05992968,-0.30471322,-0.09807753,1.76262379,-0.56065077,0.09014145,0.20753576,-0.03816080,0.25970420,0.30958131,0.57235742,-0.27775472,1.24850273,0.05047051,-0.04205085,-0.10466322,-0.28922048,-0.45891687,0.27761957,1.05310035,-0.14721377,0.01080436,-0.20961098
0.97818899,-0.00940684,0.68195158,0.02153737,-0.00841133,-0.11710145,0.99285078,-0.76722068,0.12756184,0.17758353,0.97832435,-0.16851588,0.04196597,-0.22639513,-0.27919230,-0.12631895,1.76997387,-0.58020151,0.07931013,0.17335896,-0.03521680,0.27228335,0.19262035,0.50648797,-0.38474187,1.19817066,0.07345001,-0.06729671,-0.09983039,-0.23670414,-0.40814710,0.28309065,1.15028548,-0.09957258,-0.00836799,-0.17834492
1.00339317,-0.00886306,0.69212842,0.01996692,-0.00947527,-0.10899350,0.99379671,-0.71152753,0.10597265,0.17457344,0.95960093,-0.20237815,0.04698531,-0.38050365,-0.24215022,-0.13296072,1.68535614,-0.56558168,0.08239362,0.13752545,-0.02856645,0.27499264,0.11319013,0.45231020,-0.43466833,1.10744095,0.05469062,-0.11384539,-0.07552697,-0.19366288,-0.38274971,0.33207017,1.18837142,-0.09243202,-0.02616736,-0.14425896
1.02827311,-0.01032109,0.70598590,0.01523388,-0.01218723,-0.10038323,0.99475753,-0.64217347,0.09007542,0.16342762,0.91326952,-0.21869887,0.04324736,-0.47851235,-0.19940801,-0.13111028,1.51602697,-0.53441733,0.08729741,0.09934705,-0.01751877,0.27364412,0.05801898,0.41427583,-0.44849101,1.03440809,0.01147633,-0.14787985,-0.04657424,-0.16074331,-0.36839733,0.39204678,1.20612228,-0.10619567,-0.03736410,-0.12145286
1.05316651,-0.01326327,0.72266185,0.00417009,-0.01541565,-0.09200023,0.99563092,-0.56611156,0.08968703,0.14316489,0.84928638,-0.22229521,0.03342758,-0.50773793,-0.16338395,-0.13470210,1.27758074,-0.49315247,0.08062830,0.06293873,0.00519361,0.26908758,0.01921348,0.38835993,-0.44562820,0.99676090,-0.02777495,-0.16114421,-0.01319569,-0.13469104,-0.35730067,0.44694725,1.22818613,-0.12656581,-0.03946286,-0.10473285
1.07717180,-0.01700658,0.73957026,-0.00677218,-0.02070774,-0.08319648,0.99629498,-0.48096085,0.09304857,0.12470341,0.77187192,-0.21762981,0.02297943,-0.47811785,-0.12656745,-0.11641013,1.00874090,-0.42647877,0.08983514,0.03221420,0.02857103,0.26227066,-0.00723744,0.36975756,-0.43775135,0.98397720,-0.06283445,-0.16357404,0.01909896,-0.11139322,-0.34674418,0.49485159,1.25919557,-0.15104954,-0.03510642,-0.09219702
1.10054576,-0.02150116,0.75373137,-0.01576273,-0.02812442,-0.07362439,0.99676478,-0.39065713,0.09729184,0.10822659,0.69054544,-0.21410757,0.01338880,-0.40879032,-0.08308938,-0.07160475,0.76359254,-0.31522313,0.12102745,0.00957788,0.04892164,0.25192034,-0.02127283,0.35485819,-0.42994592,0.97897279,-0.09401090,-0.16529067,0.04591395,-0.08829153,-0.33444592,0.53780782,1.29331434,-0.16855416,-0.02741813,-0.08309003
1.12267315,-0.02743325,0.76428854,-0.02107103,-0.03507472,-0.06091959,0.99730366,-0.30809197,0.09614217,0.08831773,0.61615032,-0.20945942,0.00576990,-0.33168241,-0.04566107,-0.02858694,0.59511399,-0.17132983,0.15781938,-0.00976203,0.06103382,0.23729469,-0.03179446,0.34492117,-0.42978212,0.97160327,-0.11350131,-0.16646785,0.06327444,-0.06570452,-0.32090431,0.57420528,1.31739700,-0.17939554,-0.01792867,-0.07489637
1.14251792,-0.03503050,0.77250791,-0.02289706,-0.03845124,-0.04504909,0.99798185,-0.24520382,0.09103215,0.06420631,0.55097848,-0.20106503,-0.01148055,-0.28097722,-0.03408463,-0.03111625,0.53474712,-0.05766923,0.13879162,-0.02895384,0.06237239,0.21657808,-0.03595766,0.34265929,-0.44115269,0.96321827,-0.11330255,-0.16691342,0.07334337,-0.04137486,-0.30359066,0.59705329,1.31909657,-0.17825027,-0.01799159,-0.06896402
1.16004539,-0.04365799,0.77704382,-0.01389042,-0.03921790,-0.02416839,0.99884182,-0.19172606,0.06305341,0.04262658,0.48525575,-0.18831199,-0.02453352,-0.21648017,-0.06730089,-0.08098610,0.50110513,-0.11129396,0.10515757,-0.04085654,0.03695689,0.19170760,-0.04443594,0.35102379,-0.46462861,0.95460582,-0.08775566,-0.16303241,0.07546756,-0.02510882,-0.28053939,0.59392089,1.30432177,-0.17422739,-0.02219800,-0.07903881
1.17488873,-0.05206094,0.77996069,-0.00798348,-0.03594269,-0.00843186,0.99928641,-0.15840793,0.04902273,0.02396634,0.43910310,-0.17936409,-0.04048456,-0.16038491,-0.08125985,-0.11858806,0.44538808,-0.14943184,0.08316249,-0.04060996,0.01770365,0.16846237,-0.05080513,0.35795930,-0.47167587,0.95298576,-0.06999748,-0.15904245,0.07703255,-0.02128622,-0.25883743,0.57994646,1.27392793,-0.16912127,-0.03121415,-0.10817411
1.18734157,-0.05940890,0.78239620,-0.00644786,-0.03220676,-0.00139404,0.99945951,-0.13418469,0.05163184,0.01458266,0.40795109,-0.17352313,-0.05931633,-0.11667538,-0.07539356,-0.13636926,0.38801119,-0.16136540,0.06879494,-0.02942979,0.01011441,0.15198654,-0.05249704,0.35620174,-0.45225981,0.96343267,-0.07593257,-0.15555041,0.08387294,-0.03351396,-0.24450295,0.56867164,1.24112928,-0.16534325,-0.04136266,-0.14883037
1.19834065,-0.06615447,0.78525460,-0.00699443,-0.03016540,-0.00119839,0.99951971,-0.10449165,0.06480572,0.02387716,0.37402755,-0.16647144,-0.08277362,-0.07840641,-0.06095116,-0.14238846,0.33489928,-0.15744799,0.05791428,-0.01256221,0.00931293,0.14317803,-0.05254104,0.34825715,-0.41507012,0.98217469,-0.09189335,-0.15483390,0.09542336,-0.05577721,-0.23744194,0.55828309,1.20953858,-0.15547176,-0.05278190,-0.18767078
1.20830691,-0.07263567,0.78707039,-0.00397626,-0.02812390,-0.00260288,0.99959320,-0.06705128,0.07214070,0.06504195,0.32197368,-0.15774135,-0.08895228,-0.04971069,-0.05595158,-0.14415731,0.29680419,-0.15894395,0.05143023,-0.00190076,0.00281404,0.13755108,-0.05125254,0.34045172,-0.37838402,1.00299311,-0.11426777,-0.15224238,0.10162024,-0.08105538,-0.23491049,0.54572570,1.17645204,-0.13183759,-0.06431688,-0.22222815
1.21668756,-0.07847699,0.78765547,0.00081356,-0.02582359,-0.00193579,0.99966431,-0.03346830,0.07169312,0.10338701,0.27042529,-0.15010500,-0.08587637,-0.02609247,-0.05654299,-0.14707080,0.26716879,-0.16836660,0.04600138,0.00194675,-0.00648030,0.13373731,-0.04801611,0.33846641,-0.35678577,1.01878440,-0.12766096,-0.14981268,0.10009954,-0.10743739,-0.23691708,0.53172725,1.13971961,-0.10715270,-0.07404728,-0.25183553
1.22353435,-0.08351119,0.78809822,0.00372670,-0.02348116,-0.00012124,0.99971730,-0.01222560,0.07084455,0.11326217,0.23561625,-0.14170451,-0.08996397,-0.00558060,-0.05529120,-0.15344581,0.24096207,-0.17500436,0.03991819,0.00411898,-0.01212578,0.13098864,-0.04689450,0.34063494,-0.34991911,1.02899778,-0.12630336,-0.14882326,0.09906967,-0.13342895,-0.24300675,0.52054369,1.10164392,-0.08953032,-0.08531298,-0.27438933
1.22926879,-0.08755162,0.78807753,0.00511793,-0.02144874,0.00184632,0.99975514,0.00451658,0.07177712,0.11596400,0.20838991,-0.13890855,-0.09253409,0.01321661,-0.05194800,-0.16079988,0.21628709,-0.17912053,0.03389963,0.00603041,-0.01355290,0.12912957,-0.04524627,0.34222171,-0.34890124,1.03403568,-0.11949965,-0.14673550,0.09790765,-0.15747468,-0.25038761,0.51561296,1.07219064,-0.07559893,-0.09431331,-0.28813884
1.23406351,-0.09034600,0.78773129,0.00559885,-0.02008806,0.00368286,0.99977577,0.01912004,0.07346460,0.11653788,0.18687944,-0.13996506,-0.09438880,0.03022056,-0.04809613,-0.16785023,0.19483958,-0.18180431,0.02980863,0.00765571,-0.01161523,0.12811379,-0.04382539,0.34136355,-0.35096663,1.03597879,-0.11294750,-0.14421093,0.09669305,-0.17916822,-0.25802231,0.51679379,1.05711412,-0.06601936,-0.09912530,-0.29129267
1.23801863,-0.09217184,0.78722370,0.00586732,-0.01944780,0.00541917,0.99977899,0.03250242,0.07488960,0.11732201,0.17007829,-0.14241555,-0.09666238,0.04457667,-0.04531129,-0.17410530,0.17944835,-0.18529728,0.02790257,0.00889451,-0.00837259,0.12711625,-0.04249972,0.33825850,-0.35563019,1.03621125,-0.10779417,-0.14114165,0.09530529,-0.19720306,-0.26461664,0.52344292,1.05655169,-0.06226796,-0.09913298,-0.28423473
1.24138296,-0.09342225,0.78660786,0.00608262,-0.01936354,0.00757583,0.99976534,0.04421241,0.07570510,0.11709079,0.15781303,-0.14615738,-0.09860808,0.05645065,-0.04390103,-0.18076201,0.16992164,-0.19038023,0.02777756,0.00919601,-0.00535915,0.12533654,-0.04139834,0.33389980,-0.36116222,1.03495455,-0.10469767,-0.13836306,0.09333889,-0.20874344,-0.26903358,0.53215665,1.06412983,-0.06610310,-0.09476857,-0.26979226
1.24435818,-0.09431543,0.78597701,0.00580535,-0.01966623,0.00995350,0.99974018,0.05351902,0.07706955,0.11604273,0.14957161,-0.15121527,-0.10099209,0.06649051,-0.04218366,-0.18749575,0.16357379,-0.19549254,0.02754962,0.00846073,-0.00265778,0.12259753,-0.04009233,0.32892731,-0.36637241,1.03253973,-0.10308363,-0.13667402,0.09163457,-0.21195844,-0.27087185,0.53973007,1.07305706,-0.07365689,-0.08923621,-0.25338876
1.24663925,-0.09477179,0.78544647,0.00535352,-0.01990419,0.01242589,0.99971032,0.06039475,0.07824681,0.11382299,0.14316599,-0.15574436,-0.10310248,0.07514797,-0.04048921,-0.19400914,0.15802002,-0.19925007,0.02756335,0.00666601,-0.00105416,0.11876935,-0.03805859,0.32333511,-0.37172168,1.02946281,-0.10399067,-0.13649160,0.09104030,-0.20772603,-0.27017385,0.54451025,1.08151090,-0.08153164,-0.08466642,-0.23755027
1.24841964,-0.09482124,0.78505778,0.00508580,-0.02000592,0.01490598,0.99967581,0.06502972,0.07840396,0.11112090,0.13830082,-0.15865690,-0.10441061,0.08208000,-0.03986794,-0.19964725,0.15342157,-0.20171174,0.02848401,0.00402970,-0.00083214,0.11451779,-0.03563703,0.31733310,-0.37801579,1.02787542,-0.10616560,-0.13667536,0.09050976,-0.19759664,-0.26745188,0.54681432,1.08981800,-0.08819599,-0.08090329,-0.22331716
1.24991155,-0.09444922,0.78477478,0.00496214,-0.01995870,0.01716828,0.99964106,0.06811586,0.07761882,0.10820261,0.13455710,-0.16024111,-0.10495722,0.08730850,-0.04019218,-0.20409191,0.14975406,-0.20291951,0.02999953,0.00078462,-0.00125450,0.11027729,-0.03306354,0.31112671,-0.38549653,1.02803683,-0.10841224,-0.13634707,0.08914791,-0.18313082,-0.26341528,0.54782796,1.09930456,-0.09348865,-0.07694472,-0.20858003
1.25098896,-0.09357808,0.78456891,0.00490943,-0.01969299,0.01921077,0.99960947,0.06972370,0.07604231,0.10512225,0.13192241,-0.16141576,-0.10474139,0.09091223,-0.04126780,-0.20748635,0.14704561,-0.20335428,0.03175024,-0.00284226,-0.00183712,0.10620515,-0.03078114,0.30517811,-0.39402950,1.03000236,-0.10949777,-0.13567092,0.08695782,-0.16595995,-0.25880438,0.54828560,1.11089885,-0.09773713,-0.07249542,-0.19256078
1.25157845,-0.09236726,0.78439456,0.00484030,-0.01925210,0.02091590,0.99958414,0.07029191,0.07413819,0.10238737,0.13012668,-0.16236186,-0.10433721,0.09311243,-0.04268153,-0.20954950,0.14499819,-0.20359991,0.03374614,-0.00656693,-0.00216132,0.10251361,-0.02901948,0.30001822,-0.40389407,1.03316760,-0.10811698,-0.13474634,0.08472984,-0.14765525,-0.25436896,0.54846084,1.12432337,-0.10034221,-0.06761355,-0.17663704
1.25185359,-0.09095969,0.78423804,0.00477148,-0.01867749,0.02210880,0.99956971,0.07021697,0.07205941,0.10060899,0.12897608,-0.16294663,-0.10370209,0.09413391,-0.04431777,-0.21023102,0.14341594,-0.20372796,0.03616925,-0.00989293,-0.00215800,0.09934983,-0.02781300,0.29563352,-0.41501427,1.03726459,-0.10442720,-0.13339703,0.08286159,-0.12896216,-0.25081375,0.54936391,1.13878179,-0.10250259,-0.06243227,-0.16165198
1.25208497,-0.08954448,0.78414196,0.00472251,-0.01801391,0.02268937,0.99956912,0.06964693,0.06991699,0.09970687,0.12842457,-0.16302295,-0.10265382,0.09428767,-0.04609933,-0.20979622,0.14231719,-0.20340398,0.03880731,-0.01248489,-0.00192217,0.09684359,-0.02709052,0.29213744,-0.42589089,1.04190409,-0.09937496,-0.13122474,0.08100753,-0.11159335,-0.24865802,0.55139583,1.15283608,-0.10514852,-0.05753629,-0.14850810
1.25202751,-0.08792238,0.78407085,0.00461910,-0.01719961,0.02272630,0.99958313,0.06854183,0.06775857,0.09936738,0.12817858,-0.16306117,-0.10156557,0.09368225,-0.04788484,-0.20875606,0.14135295,-0.20277289,0.04173837,-0.01474366,-0.00149264,0.09456733,-0.02581368,0.28959689,-0.43570238,1.04655683,-0.09360338,-0.12863667,0.07834921,-0.09542216,-0.24793255,0.55367196,1.16562390,-0.10874949,-0.05300491,-0.13753152
1.25162852,-0.08611985,0.78402412,0.00446992,-0.01632529,0.02243268,0.99960506,0.06706084,0.06570876,0.09928847,0.12797308,-0.16312078,-0.10052963,0.09258087,-0.04966278,-0.20753941,0.14042841,-0.20188093,0.04455545,-0.01697319,-0.00098930,0.09281112,-0.02394882,0.28804034,-0.44361264,1.05055928,-0.08889223,-0.12607257,0.07545922,-0.08160683,-0.24870202,0.55564916,1.17560196,-0.11241129,-0.04917318,-0.12975533
1.25113761,-0.08420652,0.78400290,0.00424600,-0.01535513,0.02185525,0.99963421,0.06492715,0.06392016,0.09988500,0.12796061,-0.16338080,-0.09913428,0.09067850,-0.05122343,-0.20579416,0.13972597,-0.20073907,0.04705184,-0.01870813,-0.00035589,0.09140171,-0.02177225,0.28716767,-0.44874156,1.05376148,-0.08579400,-0.12398581,0.07290264,-0.07034463,-0.25067019,0.55687636,1.18213820,-0.11494485,-0.04655755,-0.12480914
1.25084865,-0.08239304,0.78401011,0.00399241,-0.01437858,0.02086596,0.99967092,0.06275679,0.06234037,0.10100470,0.12814437,-0.16374341,-0.09739207,0.08815505,-0.05262303,-0.20353711,0.13929813,-0.19947840,0.04919523,-0.01989750,0.00025000,0.09054546,-0.01931523,0.28684387,-0.45135349,1.05609679,-0.08350040,-0.12226661,0.07096124,-0.06181498,-0.25323001,0.55599761,1.18543398,-0.11465503,-0.04461096,-0.12228926
1.25078845,-0.08086820,0.78403586,0.00371311,-0.01341160,0.01955844,0.99971181,0.06066575,0.06100637,0.10264852,0.12836792,-0.16415882,-0.09561102,0.08520294,-0.05379554,-0.20069407,0.13869838,-0.19796291,0.05126924,-0.02053926,0.00069504,0.09016446,-0.01691988,0.28717840,-0.45191553,1.05799270,-0.08217535,-0.12100691,0.06960658,-0.05616681,-0.25576416,0.55351764,1.18594050,-0.11265057,-0.04323369,-0.12170666
1.25051439,-0.07957672,0.78406465,0.00343218,-0.01251390,0.01799487,0.99975383,0.05884991,0.05991769,0.10502894,0.12835512,-0.16474916,-0.09373757,0.08224457,-0.05479221,-0.19738728,0.13801248,-0.19656403,0.05313658,-0.02072412,0.00086133,0.09018445,-0.01469372,0.28810957,-0.45165369,1.05991018,-0.08241114,-0.12001658,0.06845509,-0.05287590,-0.25786856,0.55089623,1.18427026,-0.10947893,-0.04306834,-0.12312260
1.24991810,-0.07831923,0.78406852,0.00314697,-0.01169276,0.01608996,0.99979722,0.05738933,0.05920801,0.10816667,0.12818310,-0.16525188,-0.09196620,0.07946993,-0.05553767,-0.19358300,0.13718194,-0.19528909,0.05494817,-0.02046336,0.00073627,0.09058467,-0.01271402,0.28953353,-0.45065394,1.06200528,-0.08385730,-0.11909220,0.06764264,-0.05195960,-0.25939754,0.54844481,1.18055058,-0.10641398,-0.04356033,-0.12552442
1.24911952,-0.07715787,0.78408921,0.00284948,-0.01094909,0.01401618,0.99983776,0.05636360,0.05885977,0.11190433,0.12800328,-0.16578069,-0.09050453,0.07685734,-0.05599018,-0.18963498,0.13631868,-0.19399230,0.05676526,-0.02010066,0.00039806,0.09137148,-0.01136204,0.29111680,-0.44929510,1.06462681,-0.08604497,-0.11798591,0.06737360,-0.05341567,-0.26016322,0.54688722,1.17498767,-0.10428821,-0.04424871,-0.12800333
1.24835515,-0.07626659,0.78414416,0.00252947,-0.01022810,0.01187414,0.99987400,0.05573796,0.05885359,0.11604790,0.12785058,-0.16620654,-0.08943039,0.07429590,-0.05609233,-0.18539299,0.13565795,-0.19265155,0.05838769,-0.01964097,-0.00003584,0.09232988,-0.01054432,0.29294220,-0.44811377,1.06729019,-0.08829264,-0.11652498,0.06790584,-0.05661240,-0.26036641,0.54660451,1.16821384,-0.10335713,-0.04530412,-0.13028651
1.24764502,-0.07560165,0.78420478,0.00224396,-0.00951960,0.00983939,0.99990380,0.05499741,0.05892345,0.12012260,0.12797381,-0.16671902,-0.08826338,0.07180220,-0.05621375,-0.18132520,0.13514620,-0.19153982,0.05985421,-0.01934945,-0.00056709,0.09340395,-0.01048717,0.29477277,-0.44782680,1.06975007,-0.09118099,-0.11476218,0.06853316,-0.06124137,-0.26045465,0.54751873,1.16080368,-0.10373890,-0.04712815,-0.13269702
1.24697471,-0.07501534,0.78422767,0.00195433,-0.00884277,0.00797496,0.99992722,0.05413345,0.05899775,0.12341623,0.12822685,-0.16723667,-0.08724181,0.06942769,-0.05626638,-0.17764083,0.13481742,-0.19042374,0.06125415,-0.01941339,-0.00103846,0.09463434,-0.01123998,0.29646948,-0.44827369,1.07127368,-0.09355082,-0.11293710,0.06880951,-0.06700867,-0.26051968,0.54823202,1.15337574,-0.10350265,-0.04932747,-0.13557677
1.24642205,-0.07437633,0.78424543,0.00169778,-0.00820739,0.00641004,0.99994433,0.05308064,0.05892321,0.12585127,0.12850739,-0.16778728,-0.08605938,0.06719531,-0.05632543,-0.17451155,0.13458568,-0.18922535,0.06273808,-0.01968365,-0.00142797,0.09598475,-0.01257243,0.29778147,-0.44873008,1.07164001,-0.09522766,-0.11182013,0.06932457,-0.07316397,-0.26071957,0.54817247,1.14680970,-0.10177622,-0.05109441,-0.13859737
1.24586737,-0.07362081,0.78428310,0.00146495,-0.00758411,0.00514813,0.99995691,0.05180652,0.05871931,0.12766305,0.12875314,-0.16821973,-0.08496761,0.06493268,-0.05637678,-0.17180233,0.13451554,-0.18792531,0.06384021,-0.01992189,-0.00166210,0.09753074,-0.01423472,0.29869524,-0.44854262,1.07088661,-0.09626239,-0.11164217,0.07006205,-0.07952291,-0.26122293,0.54789770,1.14152265,-0.09908977,-0.05255449,-0.14144109
1.24509692,-0.07283984,0.78434420,0.00128188,-0.00697999,0.00398452,0.99996686,0.05042403,0.05835408,0.12933698,0.12888336,-0.16843329,-0.08391259,0.06275469,-0.05649180,-0.16919805,0.13421966,-0.18648463,0.06464864,-0.01981511,-0.00178833,0.09929894,-0.01667024,0.29937026,-0.44776019,1.06918263,-0.09700750,-0.11202486,0.07119706,-0.08563784,-0.26214337,0.54721099,1.13775873,-0.09588791,-0.05351644,-0.14433396
1.24420238,-0.07213876,0.78441644,0.00115076,-0.00641782,0.00299014,0.99997425,0.04889081,0.05780993,0.13085896,0.12899236,-0.16852401,-0.08267576,0.06057169,-0.05682145,-0.16695121,0.13390931,-0.18490365,0.06524419,-0.01967538,-0.00188984,0.10110845,-0.01951206,0.29981172,-0.44692874,1.06717277,-0.09813897,-0.11255077,0.07283583,-0.09119079,-0.26343507,0.54737902,1.13547194,-0.09366230,-0.05401191,-0.14695305
1.24331951,-0.07163108,0.78445929,0.00108539,-0.00597173,0.00211336,0.99997932,0.04779041,0.05729160,0.13266961,0.12904087,-0.16844237,-0.08155373,0.05891621,-0.05730265,-0.16501680,0.13358557,-0.18365473,0.06557051,-0.01955198,-0.00206685,0.10282675,-0.02233371,0.30008513,-0.44679695,1.06540310,-0.09931041,-0.11293119,0.07428532,-0.09599401,-0.26485869,0.54844660,1.13441253,-0.09211858,-0.05352161,-0.14841786
1.24269855,-0.07118212,0.78446704,0.00100546,-0.00558599,0.00123512,0.99998307,0.04709858,0.05708399,0.13450831,0.12898326,-0.16812947,-0.08073575,0.05756904,-0.05763150,-0.16327330,0.13348088,-0.18265381,0.06554435,-0.01963419,-0.00215771,0.10432806,-0.02474251,0.30016905,-0.44748229,1.06369591,-0.10010874,-0.11254963,0.07516935,-0.10020883,-0.26630187,0.55026984,1.13436639,-0.09021213,-0.05247157,-0.14854819
1.24243712,-0.07069195,0.78447139,0.00097711,-0.00523939,0.00052007,0.99998564,0.04672956,0.05694325,0.13599961,0.12880501,-0.16767514,-0.08012541,0.05640733,-0.05795678,-0.16208102,0.13346939,-0.18189305,0.06541073,-0.02000221,-0.00231619,0.10545939,-0.02676067,0.30016613,-0.44889054,1.06199002,-0.10057449,-0.11154598,0.07526047,-0.10344087,-0.26764396,0.55261993,1.13490224,-0.08827028,-0.05098113,-0.14784496
1.24244428,-0.07009789,0.78450352,0.00099799,-0.00497070,-0.00003865,0.99998719,0.04624127,0.05684422,0.13721067,0.12879676,-0.16721523,-0.07950667,0.05548647,-0.05822496,-0.16128226,0.13350388,-0.18162693,0.06496752,-0.02050218,-0.00259556,0.10646947,-0.02831154,0.30014890,-0.45044044,1.06005251,-0.10188381,-0.11015196,0.07489408,-0.10591215,-0.26881543,0.55516714,1.13610363,-0.08623929,-0.04965849,-0.14673251
1.24246359,-0.06964122,0.78457290,0.00103419,-0.00474402,-0.00044536,0.99998808,0.04553607,0.05674780,0.13793306,0.12883678,-0.16670999,-0.07881914,0.05463311,-0.05839390,-0.16080160,0.13368331,-0.18155941,0.06443314,-0.02122890,-0.00289402,0.10743021,-0.02957938,0.30000249,-0.45179760,1.05815542,-0.10449518,-0.10909965,0.07429962,-0.10745632,-0.26964343,0.55738837,1.13816488,-0.08500738,-0.04868435,-0.14554720
1.24199164,-0.06970643,0.78465760,0.00107617,-0.00458311,-0.00087214,0.99998856,0.04490729,0.05667734,0.13877445,0.12875952,-0.16638008,-0.07814665,0.05384245,-0.05835987,-0.16013417,0.13398539,-0.18155973,0.06392768,-0.02203502,-0.00320179,0.10841084,-0.03051467,0.29935136,-0.45232645,1.05694532,-0.10828555,-0.10860945,0.07337376,-0.10823162,-0.27009779,0.55934948,1.14080286,-0.08401592,-0.04823618,-0.14406995
1.24089336,-0.07034226,0.78474218,0.00112451,-0.00449036,-0.00140510,0.99998832,0.04469948,0.05664125,0.14029640,0.12836060,-0.16596761,-0.07748625,0.05322383,-0.05820090,-0.15916008,0.13444166,-0.18134075,0.06347476,-0.02279507,-0.00350889,0.10953742,-0.03146296,0.29830879,-0.45295820,1.05607021,-0.11180883,-0.10821000,0.07213163,-0.10864739,-0.27028117,0.56236255,1.14338899,-0.08428825,-0.04810739,-0.14257443
1.24007428,-0.07068700,0.78483558,0.00122089,-0.00441142,-0.00208144,0.99998736,0.04513594,0.05671924,0.14273688,0.12770759,-0.16550802,-0.07681877,0.05282214,-0.05808245,-0.15792619,0.13516326,-0.18074502,0.06300590,-0.02360167,-0.00392860,0.11051395,-0.03212572,0.29701492,-0.45385632,1.05526996,-0.11373018,-0.10799389,0.07092250,-0.10893417,-0.27011377,0.56745434,1.14582849,-0.08627384,-0.04783422,-0.14143701
1.23942196,-0.07075302,0.78497773,0.00141098,-0.00427474,-0.00281235,0.99998593,0.04612821,0.05686899,0.14562355,0.12672944,-0.16548653,-0.07565443,0.05248800,-0.05803445,-0.15650505,0.13598764,-0.17979681,0.06234730,-0.02464496,-0.00452990,0.11090013,-0.03231442,0.29578945,-0.45506144,1.05453086,-0.11432321,-0.10757180,0.07096953,-0.10860419,-0.26942664,0.57368237,1.14845645,-0.08879969,-0.04746642,-0.13991843
